sequence,label,category
STVPIE,0,1
STVGIE,0,1
LPKVED,0,1
DKKEEE,0,1
NIQYQF,0,1
SWGMMG,0,1
HWQNFA,0,1
HQIVYK,0,1
STTIIE,0,1
TTGVVV,0,1
DSVISL,1,1
STVIQE,0,1
FVNQHL,0,1
GGYMLG,1,1
KDWSFY,1,1
VQIDYK,1,1
GVPGIA,0,1
STVDIE,0,1
GSIAAT,1,1
VQTEEK,0,1
ATVSFD,0,1
MLASQQ,0,1
TLKNYI,0,1
AGGYYQ,0,1
GYMLGS,1,1
AILSST,1,1
IVIRTP,0,1
STVIID,1,1
PTKVEE,0,1
HTFNLL,1,1
DCVNIT,1,1
TVFPIG,0,1
VQIVPK,1,1
PKIQVY,0,1
EVTTGV,0,1
VQIINK,1,1
TAMLGT,1,1
TVFHIG,0,1
GRIGIA,0,1
STVRIE,0,1
NTIFVQ,0,1
NSGAAI,0,1
VVPQYG,0,1
TAVVTN,1,1
VQIVGK,1,1
VQTVYK,1,1
GTVWWG,1,1
NFGAFS,0,1
ILQINS,1,1
KYLNWD,0,1
FKQIGI,0,1
PVKKEE,0,1
SINPAM,0,1
AALQSS,0,1
IGRTLV,0,1
SIEDSV,0,1
VTLHAT,1,1
NNTIFV,0,1
STVKIE,0,1
GYYQNY,0,1
MLASRQ,0,1
EYSNFS,1,1
STLTIE,0,1
VQDVYK,0,1
